Source,Target,weight
1868,837,0.5529999999999999
2135,837,0.255
1868,1367,0.32899999999999996
1367,1367,0.382
581,1367,0.185
951,1367,0.047
104,1367,0.045
126,1367,0.023
1868,2099,0.27399999999999997
581,2099,0.152
993,2099,0.10099999999999999
167,2099,0.149
1868,171,0.253
1868,1883,0.235
2,1883,0.034
1302,1883,0.128
8,1883,0.024
16,1883,0.019
18,1883,0.019
23,1883,0.017
1790,1883,0.024
38,1883,0.025
41,1883,0.025
1656,1883,0.047
264,1883,0.025
819,1883,0.039
88,1883,0.019
1657,1883,0.013000000000000001
110,1883,0.047
130,1883,0.155
144,1883,0.036000000000000004
154,1883,0.013000000000000001
157,1883,0.113
1868,2197,0.213
10,2197,0.009000000000000001
12,2197,0.011000000000000001
32,2197,0.019
44,2197,0.013000000000000001
1081,2197,0.478
264,2197,0.009000000000000001
53,2197,0.013000000000000001
55,2197,0.073
85,2197,0.025
94,2197,0.045
100,2197,0.019
109,2197,0.013000000000000001
2112,2197,0.016
115,2197,0.02
149,2197,0.021
156,2197,0.02
159,2197,0.016
1234,2197,0.17600000000000002
1868,1868,0.19899999999999998
1367,1868,0.32899999999999996
21,1868,0.024
37,1868,0.036000000000000004
41,1868,0.032
66,1868,0.013000000000000001
127,1868,0.049
150,1868,0.021
154,1868,0.016
1864,1868,0.03
1868,1140,0.196
104,1140,0.071
1868,1143,0.192
1367,1143,0.28600000000000003
1081,1143,0.114
55,1143,0.08900000000000001
104,1143,0.048
1868,1191,0.188
1367,1191,0.209
1,1191,0.035
70,1191,0.025
91,1191,0.035
1235,1191,0.409
1367,243,0.3
581,243,0.253
988,243,0.14
1367,175,0.267
581,175,0.28600000000000003
1367,1745,0.257
1081,1745,0.5329999999999999
55,1745,0.048
148,1745,0.025
1367,174,0.225
581,174,0.449
1367,1814,0.19399999999999998
1436,1814,0.153
126,1814,0.08199999999999999
139,1814,0.031
154,1814,0.040999999999999995
1367,581,0.185
1682,581,0.251
1,172,0.33299999999999996
1,173,0.133
1,2050,0.08900000000000001
404,2050,0.042
39,2050,0.08900000000000001
1656,2050,0.11800000000000001
60,2050,0.11800000000000001
1509,2050,0.13
94,2050,0.034
1564,2050,0.086
2051,2050,0.755
1258,2050,0.121
163,2050,0.125
1,2051,0.068
402,2051,0.146
1737,2051,0.162
39,2051,0.136
1656,2051,0.136
60,2051,0.068
1509,2051,0.133
686,2051,0.102
1564,2051,0.1
2051,2051,0.5489999999999999
157,2051,0.034
163,2051,0.096
1,2057,0.057
2059,2057,0.111
18,2057,0.031
1303,2057,0.027000000000000003
60,2057,0.057
64,2057,0.03
68,2057,0.022000000000000002
81,2057,0.023
2184,2057,0.036000000000000004
2057,2057,0.132
1,2052,0.04
39,2052,0.079
1656,2052,0.079
1081,2052,0.475
60,2052,0.04
83,2052,0.04
2051,2052,0.461
163,2052,0.055999999999999994
581,1682,0.251
582,1682,0.244
1178,1682,0.158
581,1356,0.162
1022,1356,0.39399999999999996
480,1356,0.21100000000000002
1522,1356,0.299
124,1356,0.18600000000000003
581,930,0.127
1682,930,0.369
1678,930,0.19699999999999998
581,844,0.127
988,844,0.5529999999999999
620,844,0.324
581,1215,0.11599999999999999
1682,1215,0.377
2038,1215,0.209
3,2199,0.016
1302,2199,0.153
6,2199,0.016
209,2199,0.006
8,2199,0.01
10,2199,0.022000000000000002
1972,2199,0.488
23,2199,0.011000000000000001
1590,2199,0.094
24,2199,0.022000000000000002
32,2199,0.022000000000000002
43,2199,0.01
1081,2199,0.38299999999999995
53,2199,0.01
55,2199,0.063
747,2199,0.132
1051,2199,0.032
2109,2199,0.01
2135,2199,0.48100000000000004
79,2199,0.021
85,2199,0.006
89,2199,0.006
91,2199,0.01
94,2199,0.033
100,2199,0.015
112,2199,0.015
2112,2199,0.021
115,2199,0.016
122,2199,0.011000000000000001
137,2199,0.006999999999999999
138,2199,0.005
146,2199,0.01
149,2199,0.008
150,2199,0.006999999999999999
1623,2199,0.128
156,2199,0.016
168,2199,0.006
2193,2199,0.133
1234,2199,0.145
1302,1208,0.35600000000000004
37,1208,0.109
69,1208,0.063
108,1208,0.055999999999999994
1302,1302,0.34299999999999997
4,1302,0.042
37,1302,0.051
1851,1302,0.042
108,1302,0.053
2112,1302,0.051
1302,176,0.163
1302,424,0.155
426,424,0.046
1302,1867,0.152
4,1867,0.049
5,1867,0.06
8,1867,0.049
15,1867,0.062
1865,1867,0.04
1303,1867,0.034
2135,1867,0.382
89,1867,0.031
1007,1867,0.04
2045,1867,0.052000000000000005
436,1867,0.185
127,1867,0.069
131,1867,0.04
180,1867,0.10400000000000001
1864,1867,0.073
1302,2135,0.14
8,2135,0.02
10,2135,0.013999999999999999
1972,2135,0.145
21,2135,0.049
22,2135,0.02
23,2135,0.021
31,2135,0.012
66,2135,0.017
1069,2135,0.02
76,2135,0.027999999999999997
2135,2135,0.821
78,2135,0.013999999999999999
94,2135,0.057
742,2135,0.017
99,2135,0.021
2112,2135,0.016
2045,2135,0.021
131,2135,0.016
829,2135,0.191
665,2135,0.021
2137,2135,0.13
1302,1744,0.126
2128,1744,0.149
21,1744,0.02
1790,1744,0.037000000000000005
50,1744,0.023
2004,1744,0.043
69,1744,0.017
131,1744,0.02
148,1744,0.025
1302,191,0.12300000000000001
4,191,0.14800000000000002
906,1946,0.34299999999999997
1633,1946,0.205
59,1946,0.18899999999999997
185,1946,0.149
990,1946,0.301
104,1946,0.071
1971,1946,0.636
906,907,0.327
1633,907,0.177
792,907,0.18100000000000002
185,907,0.13
906,1633,0.299
185,1633,0.209
1636,1633,0.233
906,1635,0.244
1633,1635,0.598
1763,1635,0.332
185,1635,0.183
1636,1635,0.187
906,295,0.24100000000000002
1607,295,0.243
906,1948,0.237
1633,1948,0.14300000000000002
185,1948,0.21899999999999997
1971,1948,0.375
906,1185,0.21600000000000003
295,1185,0.894
651,1185,0.172
906,1971,0.215
1633,1971,0.161
185,1971,0.18600000000000003
126,1971,0.022000000000000002
1636,1971,0.218
1971,1971,0.361
162,1971,0.034
906,299,0.191
295,299,0.7909999999999999
1607,299,0.192
906,2014,0.191
295,2014,0.7909999999999999
514,2014,0.354
613,2014,0.612
1748,1074,0.42
98,1074,0.16
1748,799,0.254
1614,799,0.055
71,799,0.096
1748,1967,0.205
1614,1967,0.087
31,1967,0.068
2185,1967,0.121
98,1967,0.47
103,1967,0.057999999999999996
1130,1967,0.255
160,1967,0.09699999999999999
162,1967,0.08800000000000001
1748,177,0.171
1748,178,0.162
1748,179,0.154
1748,180,0.153
1748,181,0.135
1748,182,0.132
1748,849,0.11800000000000001
1053,849,0.42200000000000004
1063,1059,0.816
397,1059,0.272
1063,183,0.47100000000000003
1063,184,0.348
1063,397,0.222
1058,397,0.843
1063,900,0.159
1386,900,0.069
84,900,0.083
1063,1331,0.087
1436,1331,0.141
120,1331,0.091
121,1331,0.113
1063,1754,0.083
150,1754,0.07200000000000001
1063,1519,0.07200000000000001
2023,1519,0.08800000000000001
41,1519,0.062
1803,1519,0.055999999999999994
1026,1519,0.13699999999999998
1063,2206,0.018000000000000002
209,2206,0.048
27,2206,0.016
458,2206,0.018000000000000002
1391,2206,0.026000000000000002
2004,2206,0.045
66,2206,0.013999999999999999
85,2206,0.013999999999999999
87,2206,0.022000000000000002
99,2206,0.024
108,2206,0.035
153,2206,0.032
2151,2206,0.055
1234,2206,0.085
1063,2207,0.017
28,2207,0.017
30,2207,0.028999999999999998
35,2207,0.013999999999999999
1119,2207,0.17600000000000002
43,2207,0.02
1159,2207,0.040999999999999995
87,2207,0.02
89,2207,0.026000000000000002
94,2207,0.018000000000000002
742,2207,0.012
1262,2207,0.027000000000000003
126,2207,0.033
146,2207,0.02
156,2207,0.02
158,2207,0.013999999999999999
2193,2207,0.217
170,2207,0.028999999999999998
1633,906,0.299
295,906,0.24100000000000002
185,906,0.18600000000000003
1633,1056,0.26
1639,1056,0.17300000000000001
1638,1056,0.182
1633,1636,0.233
4,1636,0.081
1639,1636,0.146
93,1636,0.053
1091,1636,0.054000000000000006
1636,1636,0.179
1633,185,0.209
1633,1632,0.207
209,1632,0.027000000000000003
1639,1632,0.10400000000000001
1636,1632,0.27
951,950,0.295
48,950,0.191
1524,950,0.324
951,1524,0.247
108,1524,0.098
139,1524,0.063
951,186,0.17600000000000002
951,1698,0.166
566,1698,0.128
48,1698,0.107
792,1698,0.196
1691,1698,0.159
1524,1698,0.268
894,1698,0.121
951,1096,0.11
11,1096,0.07
1590,1096,0.105
360,1096,0.16399999999999998
71,1096,0.048
1436,1096,0.142
951,1241,0.079
110,1241,0.07400000000000001
951,187,0.067
951,1072,0.057
1069,1072,0.054000000000000006
742,1072,0.031
951,1313,0.055
31,1313,0.065
2184,1313,0.033
117,1313,0.039
566,362,0.527
345,362,0.115
566,1150,0.446
105,1150,0.096
566,361,0.287
345,361,0.168
566,188,0.21
566,1455,0.209
345,1455,0.365
446,1455,0.204
566,958,0.19699999999999998
189,958,0.132
1625,958,0.16399999999999998
566,1397,0.11699999999999999
1391,1397,0.184
571,1397,0.13
566,189,0.113
566,190,0.10099999999999999
4,2167,0.452
71,2167,0.213
1398,2167,0.107
4,1597,0.34
46,1597,0.127
1543,1597,0.124
4,323,0.233
11,323,0.142
295,323,0.327
709,323,0.111
4,966,0.14300000000000002
11,966,0.172
21,966,0.057999999999999996
23,966,0.051
591,966,0.107
1851,966,0.036000000000000004
4,1816,0.102
37,1816,0.071
1962,1816,0.205
68,1816,0.033
1786,1816,0.239
292,1816,0.21
154,1816,0.031
4,1834,0.047
209,1834,0.018000000000000002
21,1834,0.025
66,1834,0.013000000000000001
2109,1834,0.047
71,1834,0.037000000000000005
106,1834,0.031
115,1834,0.031
142,1834,0.022000000000000002
156,1834,0.031
1583,1582,0.935
1218,1582,0.419
1216,1582,0.5539999999999999
1013,1582,0.18600000000000003
1622,1582,0.442
2082,1582,0.38799999999999996
1583,1585,0.8009999999999999
1218,1585,0.376
1216,1585,0.498
788,1585,0.32799999999999996
577,1585,0.218
1622,1585,0.397
2082,1585,0.349
1583,1584,0.792
1218,1584,0.392
1216,1584,0.518
1622,1584,0.413
1619,1584,0.7609999999999999
2082,1584,0.363
1583,1216,0.518
2162,1216,0.179
1218,1216,0.256
1619,1216,0.498
1583,1253,0.502
1216,1253,0.297
788,1253,0.239
2008,1253,0.207
1583,1620,0.493
2162,1620,0.204
1218,1620,0.257
266,1620,0.091
1216,1620,0.45799999999999996
1622,1620,0.33799999999999997
1619,1620,0.498
1798,1620,0.397
1583,2006,0.49200000000000005
788,2006,0.192
1258,2006,0.157
1583,501,0.474
788,501,0.204
1583,586,0.457
788,586,0.19699999999999998
1902,586,0.248
1583,1217,0.413
2023,1217,0.151
21,1217,0.12300000000000001
1619,1217,0.397
1614,1129,0.242
103,1129,0.161
1614,192,0.228
1614,193,0.192
1614,194,0.145
1614,1509,0.135
687,1509,0.17300000000000001
1509,1509,0.19
93,1509,0.10300000000000001
110,1509,0.126
686,1509,0.22
1614,195,0.12
1614,405,0.073
1737,405,0.19399999999999998
1614,1484,0.053
956,1484,0.129
1627,1484,0.098
1492,1488,0.569
1501,1488,0.366
1829,1488,0.23399999999999999
771,1488,0.452
1492,1435,0.42200000000000004
1276,1435,0.141
804,1435,0.27
2037,1435,0.447
1829,1435,0.231
1492,1122,0.42200000000000004
1682,1122,0.34600000000000003
1678,1122,0.26899999999999996
1501,1122,0.24100000000000002
582,1122,0.254
1492,1471,0.37799999999999995
1682,1471,0.345
1678,1471,0.225
582,1471,0.253
136,1471,0.40299999999999997
1492,1297,0.373
1501,1297,0.213
114,1297,0.28300000000000003
1492,771,0.354
875,771,0.25
69,771,0.25
1492,1829,0.335
88,1829,0.149
155,1829,0.10300000000000001
1492,1219,0.33299999999999996
17,1219,0.198
804,1219,0.426
1492,1226,0.33299999999999996
804,1226,0.426
1130,1226,0.295
1492,1227,0.33299999999999996
1130,1227,0.295
1022,1515,0.33
1516,1515,0.57
1026,1515,0.204
1022,1516,0.265
1515,1516,0.57
1026,1516,0.154
1022,1027,0.248
1516,1027,0.16399999999999998
56,1027,0.162
1515,1027,0.204
1022,1021,0.235
1516,1021,0.32299999999999995
56,1021,0.192
1515,1021,0.402
1022,1023,0.23199999999999998
1272,1023,0.163
1516,1023,0.226
41,1023,0.196
1515,1023,0.282
1022,196,0.22699999999999998
1022,197,0.20800000000000002
1022,198,0.19699999999999998
1022,1490,0.18600000000000003
788,1490,0.263
69,1490,0.7070000000000001
1591,1490,0.243
771,1490,0.354
1921,665,0.305
1922,665,0.258
1921,1919,0.259
665,1919,0.7070000000000001
1921,2104,0.20199999999999999
1922,2104,0.5479999999999999
665,2104,0.47100000000000003
1866,2104,0.156
1921,663,0.19899999999999998
1922,663,0.316
1921,199,0.183
1921,506,0.17300000000000001
42,506,0.5
1921,200,0.17300000000000001
1921,411,0.141
575,411,0.516
1921,384,0.141
266,384,0.207
1921,413,0.139
575,413,0.33799999999999997
5,201,0.19
5,485,0.027999999999999997
1972,485,0.307
24,485,0.049
29,485,0.027999999999999997
41,485,0.024
402,400,0.61
1737,400,0.52
402,399,0.606
404,399,0.192
1737,399,0.6890000000000001
402,403,0.499
1737,403,0.402
402,1737,0.44
404,1737,0.22399999999999998
405,1737,0.19399999999999998
2051,1737,0.162
402,401,0.309
1737,401,0.474
402,1171,0.287
217,1171,0.146
215,1171,0.13
2059,1171,0.111
405,1171,0.233
107,1171,0.124
402,1368,0.159
1737,1368,0.271
405,1368,0.298
127,1368,0.18
402,850,0.135
725,850,0.059000000000000004
1051,850,0.026000000000000002
1053,850,0.042
402,404,0.131
404,404,0.5
1737,404,0.22399999999999998
6,202,1.0
7,203,0.239
7,204,0.141
7,1992,0.129
53,1992,0.043
826,1992,0.066
1998,1992,0.48700000000000004
1690,1992,0.156
118,1992,0.038
138,1992,0.057999999999999996
1992,1992,3.312
7,542,0.11599999999999999
538,542,0.092
7,858,0.11199999999999999
450,858,0.139
7,408,0.08900000000000001
25,408,0.353
1058,408,0.251
398,408,0.414
7,1998,0.08800000000000001
72,1998,0.076
1998,1998,0.36200000000000004
131,1998,0.036000000000000004
1992,1998,0.48700000000000004
7,1994,0.083
1922,1994,0.055999999999999994
665,1994,0.152
1992,1994,0.557
7,1908,0.081
1998,1908,0.18600000000000003
158,1908,0.064
7,205,0.079
2128,2128,0.42200000000000004
63,2128,0.10300000000000001
64,2128,0.07200000000000001
2184,2128,0.034
1262,2128,0.028999999999999998
1335,2128,0.03
2120,2128,0.207
2128,206,0.361
2128,2120,0.207
18,2120,0.131
87,2120,0.16
133,2120,0.098
1564,2120,0.057999999999999996
2120,2120,0.6409999999999999
2128,1675,0.174
2185,1675,0.179
1962,1675,0.23600000000000002
292,1675,0.151
143,1675,0.063
145,1675,0.063
2128,207,0.166
2128,208,0.161
2128,680,0.134
63,680,0.426
2128,1101,0.122
102,1101,0.133
2128,2122,0.11
2120,2122,0.261
209,209,0.154
209,1590,0.037000000000000005
1590,1590,0.113
1007,1590,0.051
1255,1590,0.102
209,1234,0.021
426,1234,0.04
99,1234,0.021
1657,1234,0.043
209,709,0.021
709,709,0.11699999999999999
66,709,0.023
209,2203,0.019
31,2203,0.015
426,2203,0.03
78,2203,0.017
94,2203,0.013999999999999999
115,2203,0.024
122,2203,0.013000000000000001
142,2203,0.017
146,2203,0.024
148,2203,0.044000000000000004
149,2203,0.028999999999999998
150,2203,0.017
1234,2203,0.109
209,2200,0.015
27,2200,0.018000000000000002
699,2200,0.026000000000000002
142,2200,0.027999999999999997
180,2200,0.049
1234,2200,0.14400000000000002
2023,2025,0.816
1776,2025,0.184
741,2025,0.192
2023,864,0.447
2027,864,0.28300000000000003
866,864,0.22399999999999998
1776,864,0.168
862,864,0.17600000000000002
2023,210,0.267
2023,741,0.23600000000000002
2021,741,0.25
2027,741,0.149
866,741,0.11800000000000001
2023,1776,0.15
15,1776,0.095
71,1776,0.071
792,1776,0.19
151,1776,0.075
2023,1218,0.14300000000000002
42,1218,0.071
1622,1218,0.5489999999999999
1619,1218,0.376
2023,1831,0.128
15,1831,0.081
1776,1831,0.22899999999999998
71,1831,0.09
110,1831,0.128
155,1831,0.07200000000000001
2023,324,0.052000000000000005
709,324,0.094
957,1572,0.275
1370,1572,0.272
1332,1572,0.133
730,1572,0.396
957,612,0.273
1370,612,0.225
957,467,0.262
214,467,0.7340000000000001
957,1575,0.25
1370,1575,0.204
1332,1575,0.17
730,1575,0.295
957,1574,0.23199999999999998
1370,1574,0.247
1332,1574,0.102
730,1574,0.305
957,1375,0.22899999999999998
415,1375,0.33299999999999996
1221,1375,0.145
128,1375,0.172
957,211,0.225
957,212,0.221
957,213,0.198
957,214,0.192
217,215,0.8059999999999999
217,218,0.643
215,218,0.741
217,219,0.5529999999999999
215,219,0.624
217,220,0.201
215,220,0.267
217,222,0.151
215,222,0.134
217,216,0.135
217,901,0.11199999999999999
84,901,0.075
217,224,0.10300000000000001
215,224,0.106
217,1934,0.096
1818,1934,0.126
1937,1934,0.172
1821,1934,0.625
215,217,0.8059999999999999
215,221,0.161
215,223,0.11699999999999999
215,2105,0.113
370,2105,0.07400000000000001
48,2105,0.07400000000000001
1866,2105,0.156
8,225,0.816
8,1904,0.155
1898,1904,0.069
8,2132,0.057
712,2132,0.098
1262,2132,0.045
1417,2132,0.11
138,2132,0.045
1541,2132,0.094
2082,2132,0.315
1581,2132,0.218
2137,2132,0.17800000000000002
8,2140,0.023
19,2140,0.045
1865,2140,0.027999999999999997
38,2140,0.016
81,2140,0.013999999999999999
92,2140,0.057999999999999996
122,2140,0.018000000000000002
154,2140,0.012
1864,2140,0.045
161,2140,0.032
168,2140,0.027999999999999997
1711,1708,0.395
232,1708,0.436
1711,226,0.369
1711,259,0.284
230,259,0.5770000000000001
1711,227,0.284
1711,1931,0.27899999999999997
230,1931,0.28300000000000003
862,1931,0.149
629,1931,0.185
1711,228,0.27
1711,229,0.24600000000000002
1711,230,0.24600000000000002
1711,231,0.24600000000000002
1711,232,0.201
9,233,0.537
9,234,0.516
9,235,0.37200000000000005
9,236,0.307
9,237,0.16899999999999998
9,1046,0.079
781,1046,0.29
95,1046,0.102
9,431,0.057999999999999996
32,431,0.065
9,839,0.043
78,839,0.048
1272,2034,0.48
2038,2034,0.5770000000000001
2037,2034,0.5770000000000001
1423,2034,0.226
1272,2035,0.32
2038,2035,0.5770000000000001
2037,2035,0.5770000000000001
1423,2035,0.226
1272,2037,0.27699999999999997
1276,2037,0.158
2038,2037,0.5
1423,2037,0.196
1272,2038,0.27699999999999997
1276,2038,0.158
2037,2038,0.5
1423,2038,0.196
1272,238,0.248
1272,1127,0.21
582,1127,0.14300000000000002
1272,239,0.185
1272,731,0.14800000000000002
875,731,0.134
1272,1156,0.127
428,1156,0.136
988,312,0.522
1525,312,0.17600000000000002
988,240,0.426
988,964,0.228
1119,964,0.325
1851,964,0.1
988,241,0.222
988,242,0.201
988,988,0.182
1784,988,0.14400000000000002
988,1784,0.14400000000000002
1499,1784,0.332
152,1784,0.057999999999999996
988,1981,0.092
96,1981,0.044000000000000004
97,1981,0.054000000000000006
764,1981,0.068
10,2056,0.062
2057,2056,0.14400000000000002
10,822,0.06
819,822,0.069
10,244,0.057999999999999996
10,1521,0.024
84,1521,0.051
1026,1521,0.133
10,1817,0.013999999999999999
1972,1817,0.256
370,1817,0.051
747,1817,0.14400000000000002
2135,1817,0.258
81,1817,0.016
1389,1817,0.14300000000000002
85,1817,0.025
89,1817,0.012
102,1817,0.027999999999999997
109,1817,0.02
141,1817,0.02
154,1817,0.016
11,756,0.244
591,756,0.152
67,756,0.095
11,472,0.14
214,472,0.16
11,1647,0.099
12,1647,0.078
1647,1647,0.28600000000000003
123,1647,0.136
131,1647,0.078
523,1647,0.336
11,2060,0.07200000000000001
709,2060,0.20199999999999999
28,2060,0.038
84,2060,0.06
2184,2060,0.059000000000000004
1036,2060,0.059000000000000004
2057,2060,0.109
11,685,0.053
63,685,0.066
11,1381,0.051
50,1381,0.024
1053,1381,0.043
129,1381,0.024
11,1802,0.051
20,1802,0.183
801,1802,0.14400000000000002
129,1802,0.038
1623,1802,0.127
12,245,0.348
12,1646,0.33299999999999996
1647,1646,0.47
523,1646,0.408
12,1310,0.215
117,1310,0.08800000000000001
12,811,0.195
72,811,0.11900000000000001
295,1184,0.5479999999999999
405,1184,0.196
651,1184,0.187
295,1686,0.415
2027,1686,0.166
866,1686,0.131
1011,1686,0.214
295,246,0.27899999999999997
295,1607,0.243
1601,1607,0.051
295,2019,0.207
591,2019,0.084
613,2019,0.16
13,247,0.309
13,711,0.095
712,711,0.35700000000000004
13,248,0.08900000000000001
13,1939,0.087
709,1939,0.098
422,1939,0.121
1821,1939,0.15
13,263,0.083
230,263,0.134
13,631,0.08199999999999999
56,631,0.27
13,660,0.08
422,660,0.111
13,314,0.078
2190,314,0.221
13,2082,0.061
1581,2082,0.46399999999999997
13,249,0.059000000000000004
254,250,0.359
254,251,0.29600000000000004
254,1248,0.281
17,1248,0.22899999999999998
1249,1248,0.226
254,252,0.265
254,253,0.265
254,327,0.22899999999999998
20,327,0.16
254,254,0.21100000000000002
254,255,0.20600000000000002
254,256,0.205
254,257,0.16399999999999998
230,258,0.7070000000000001
230,260,0.392
230,261,0.295
230,1711,0.24600000000000002
232,1711,0.201
230,1155,0.21600000000000003
428,1155,0.136
230,648,0.18600000000000003
57,648,0.131
230,262,0.18
732,264,0.243
732,1823,0.217
1937,1823,0.145
732,265,0.171
732,856,0.153
450,856,0.18600000000000003
732,468,0.135
214,468,0.385
732,266,0.131
732,267,0.125
732,875,0.121
1892,875,0.265
732,1271,0.11800000000000001
2162,1271,0.19399999999999998
575,1271,0.217
415,1271,0.21
920,1271,0.12300000000000001
732,268,0.10300000000000001
2162,269,0.37799999999999995
2162,574,0.267
575,574,0.894
415,574,0.289
2162,575,0.239
415,575,0.258
2162,576,0.239
575,576,0.4
415,576,0.258
2162,1398,0.17800000000000002
571,1398,0.096
2162,415,0.154
575,415,0.258
2162,1376,0.146
266,1376,0.16399999999999998
128,1376,0.163
1972,834,0.478
747,834,0.11900000000000001
2135,834,0.315
1972,2102,0.228
14,2102,0.16699999999999998
2059,2102,0.152
54,2102,0.027000000000000003
725,2102,0.022000000000000002
75,2102,0.022000000000000002
97,2102,0.027000000000000003
107,2102,0.136
292,2102,0.18
2057,2102,0.15
1866,2102,0.205
1972,1801,0.21
789,1801,0.113
577,1801,0.17800000000000002
620,1801,0.084
1623,1801,0.14300000000000002
1972,1800,0.196
789,1800,0.122
577,1800,0.18600000000000003
620,1800,0.091
1623,1800,0.149
1972,270,0.14400000000000002
1972,743,0.138
747,743,0.21600000000000003
14,271,0.22899999999999998
14,272,0.175
14,273,0.147
14,274,0.113
14,275,0.111
14,1172,0.111
107,1172,0.12300000000000001
14,1401,0.10300000000000001
129,1401,0.025
292,1401,0.182
14,1049,0.098
96,1049,0.07200000000000001
14,1540,0.09699999999999999
1405,1540,0.136
1541,1540,0.145
1739,847,0.278
846,847,0.11900000000000001
620,847,0.126
1739,693,0.19
65,693,0.397
1739,276,0.17600000000000002
1739,499,0.155
1331,499,0.15
1739,1132,0.146
2009,1132,0.18600000000000003
1522,1132,0.24100000000000002
1739,1133,0.135
1522,1133,0.223
1739,277,0.134
1739,1134,0.129
1522,1134,0.213
1739,1631,0.129
1524,1631,0.318
1625,1631,0.16399999999999998
464,1631,0.14400000000000002
1798,1631,0.26
1877,1631,0.191
1739,1379,0.125
129,1379,0.063
1141,336,0.26
342,336,0.484
1141,1885,0.22699999999999998
157,1885,0.085
1141,278,0.205
1141,337,0.183
342,337,0.47100000000000003
1141,279,0.17800000000000002
1141,1093,0.165
1091,1093,0.048
1141,354,0.165
1763,354,0.242
1141,1990,0.16
89,1990,0.038
96,1990,0.147
114,1990,0.076
1036,1990,0.076
1141,342,0.158
26,342,0.13
1141,1048,0.13699999999999998
96,1048,0.102
282,280,0.389
282,281,0.327
282,1512,0.292
819,1512,0.14400000000000002
1892,1512,0.08800000000000001
879,1512,0.177
686,1512,0.08800000000000001
282,587,0.27
1902,587,0.243
282,877,0.252
1892,877,0.069
282,600,0.235
50,600,0.135
282,282,0.19399999999999998
282,1844,0.152
1450,1844,0.053
282,283,0.11199999999999999
282,284,0.11
1586,1255,0.5660000000000001
1590,1255,0.102
2008,1255,0.153
1586,285,0.29600000000000004
1586,286,0.27699999999999997
1586,1896,0.162
1690,1896,0.157
446,1896,0.14
1255,1896,0.23800000000000002
1798,1896,0.386
1623,1896,0.248
1894,1896,0.08900000000000001
1586,1396,0.14300000000000002
1391,1396,0.298
120,1396,0.165
571,1396,0.141
1586,1826,0.124
155,1826,0.254
1586,1587,0.124
789,1587,0.5
577,1587,0.17600000000000002
1255,1587,0.183
1586,1874,0.11
1619,1874,0.46299999999999997
1255,1874,0.162
1798,1874,0.387
1623,1874,0.215
503,1874,0.21
1586,287,0.109
1586,1649,0.105
143,1649,0.239
15,288,0.365
15,391,0.298
687,391,0.162
766,391,0.201
15,289,0.231
15,1961,0.138
160,1961,0.146
15,935,0.064
89,935,0.064
15,1750,0.057999999999999996
59,1750,0.145
232,1750,0.092
180,1750,0.10099999999999999
15,833,0.055999999999999994
1386,833,0.042
33,833,0.067
63,833,0.057
826,833,0.039
2059,290,0.384
2059,291,0.335
2059,1400,0.282
292,1400,0.289
2059,292,0.27399999999999997
2059,1399,0.244
292,1399,0.36700000000000005
2059,2059,0.163
742,2059,0.051
292,2059,0.27399999999999997
139,2059,0.036000000000000004
2057,2059,0.111
2059,1402,0.133
292,1402,0.159
16,1338,0.14
428,1338,0.109
1335,1338,0.064
1607,293,0.35600000000000004
1607,294,0.249
1607,1035,0.243
514,1035,0.447
1984,1035,0.24
1607,296,0.23
1607,297,0.222
1607,843,0.21899999999999997
792,843,0.225
1607,298,0.217
1607,1157,0.19399999999999998
428,1157,0.12300000000000001
1765,1434,0.447
77,1434,0.34600000000000003
1829,1434,0.316
1765,1433,0.377
77,1433,0.292
1829,1433,0.474
1765,300,0.371
1765,1871,0.35
1870,1871,0.207
77,1871,0.301
1829,1871,0.248
140,1871,0.165
730,1871,0.213
503,1871,0.342
1765,301,0.34600000000000003
1765,1580,0.345
1370,1580,0.151
77,1580,0.267
730,1580,0.18899999999999997
1765,1910,0.305
1875,1910,0.188
1767,1910,0.295
1050,1910,0.10400000000000001
1891,1910,0.3
1719,1910,0.361
1765,2103,0.298
77,2103,0.419
1829,2103,0.239
1866,2103,0.18600000000000003
1765,302,0.29600000000000004
1765,1764,0.293
1875,1764,0.16
1767,1764,0.37799999999999995
1891,1764,0.257
17,303,0.22899999999999998
17,304,0.21
17,305,0.198
17,306,0.198
17,307,0.198
17,308,0.198
17,309,0.198
17,310,0.162
1525,1529,0.368
1829,1529,0.23399999999999999
771,1529,0.452
929,1529,0.19699999999999998
1525,929,0.33299999999999996
52,929,0.109
1678,929,0.23600000000000002
1525,1071,0.295
1892,1071,0.091
742,1071,0.105
1525,1286,0.245
725,1286,0.309
1071,1286,0.207
1525,311,0.228
1525,1287,0.22
1071,1287,0.18600000000000003
1525,1290,0.185
1071,1290,0.157
1525,1902,0.171
1684,1902,0.075
1898,1902,0.08900000000000001
1525,313,0.16899999999999998
2190,990,0.41200000000000003
20,990,0.133
990,990,0.262
2190,2194,0.34600000000000003
1803,2194,0.067
990,2194,0.45899999999999996
2193,2194,0.14400000000000002
2190,2189,0.285
398,2189,0.40299999999999997
2193,2189,0.22899999999999998
2190,1552,0.253
19,1552,0.094
990,1552,0.376
829,1552,0.265
2190,2195,0.23800000000000002
990,2195,0.633
2193,2195,0.14300000000000002
2190,2193,0.17
538,2193,0.107
2193,2193,0.16399999999999998
2190,1350,0.16399999999999998
1216,1350,0.35600000000000004
1873,1350,0.271
124,1350,0.261
2190,315,0.157
2190,1030,0.142
52,1030,0.385
1833,1030,0.09300000000000001
19,316,1.0
19,317,0.816
19,318,0.632
19,319,0.5
19,382,0.254
687,382,0.218
19,320,0.17800000000000002
19,1749,0.068
75,1749,0.055999999999999994
180,1749,0.113
19,917,0.042
2184,917,0.026000000000000002
709,321,0.12
709,322,0.12
709,516,0.114
45,516,0.387
709,2175,0.098
772,2175,0.146
709,325,0.092
20,2040,0.253
2048,2040,0.174
20,326,0.242
20,2044,0.138
2048,2044,0.11800000000000001
20,328,0.131
20,329,0.11699999999999999
20,1962,0.11599999999999999
1875,1962,0.203
37,1962,0.063
1833,1962,0.09
1436,1962,0.153
1815,1962,0.185
1601,1962,0.051
152,1962,0.044000000000000004
160,1962,0.115
20,330,0.08900000000000001
21,1810,0.18
23,1810,0.156
1763,1810,0.133
464,1810,0.23399999999999999
800,1810,0.2
21,1638,0.14400000000000002
1050,1638,0.25
747,1638,0.14300000000000002
1051,1638,0.226
1053,1638,0.204
1639,1638,0.373
1636,1638,0.154
21,1320,0.046
1342,1320,0.124
331,1320,0.06
50,1320,0.036000000000000004
119,1320,0.203
737,733,0.5660000000000001
451,733,0.275
737,502,0.41600000000000004
788,502,0.19699999999999998
331,502,0.53
737,738,0.294
52,738,0.33299999999999996
451,738,0.136
737,331,0.294
737,735,0.26899999999999996
451,735,0.187
737,1973,0.24
451,1973,0.19399999999999998
764,1973,0.365
737,1783,0.19899999999999998
1865,1783,0.098
331,1783,0.254
620,1783,0.239
90,1783,0.166
152,1783,0.153
737,1668,0.168
331,1668,0.11699999999999999
1892,1668,0.083
95,1668,0.09
104,1668,0.045
121,1668,0.11699999999999999
1569,1668,0.10400000000000001
737,451,0.16
26,451,0.075
36,451,0.087
737,627,0.14
52,627,0.099
23,332,0.33299999999999996
23,1209,0.018000000000000002
41,1209,0.018000000000000002
2004,1209,0.037000000000000005
71,1209,0.049
1159,1209,0.052000000000000005
1007,1209,0.053
105,1209,0.07200000000000001
108,1209,0.025
1590,1306,0.151
1159,1306,0.08800000000000001
1314,1306,0.13699999999999998
116,1306,0.066
1590,1163,0.11900000000000001
51,1163,0.129
1314,1163,0.16699999999999998
1590,456,0.094
1516,456,0.204
1590,560,0.091
189,560,0.5820000000000001
1590,333,0.091
1590,1752,0.09
1786,1752,0.19699999999999998
180,1752,0.053
25,334,0.7859999999999999
25,335,0.7070000000000001
25,815,0.40399999999999997
398,815,0.428
73,815,0.096
25,1953,0.382
59,1953,0.149
64,1953,0.05
990,1953,0.282
1601,1953,0.047
1971,1953,0.247
25,1062,0.374
1058,1062,0.249
398,1062,0.8690000000000001
397,1062,0.23
25,1060,0.34299999999999997
1058,1060,0.242
397,1060,0.242
25,1064,0.336
1058,1064,0.221
455,1064,0.268
397,1064,0.217
25,1065,0.32899999999999996
1058,1065,0.258
398,1065,0.897
397,1065,0.21
25,1061,0.32
1058,1061,0.21600000000000003
397,1061,0.233
342,1204,0.28300000000000003
108,1204,0.203
342,338,0.26
342,1206,0.237
47,1206,0.095
104,1206,0.08199999999999999
108,1206,0.127
342,339,0.18
342,1141,0.158
104,1141,0.057999999999999996
342,1712,0.156
232,1712,0.192
342,340,0.151
342,1369,0.14300000000000002
47,1369,0.114
127,1369,0.076
26,1004,0.16
1604,1004,0.10400000000000001
26,341,0.158
26,343,0.105
26,539,0.07
538,539,0.23800000000000002
26,367,0.069
1386,367,0.083
26,1881,0.063
1656,1881,0.21600000000000003
48,1881,0.09300000000000001
1655,1881,0.278
1564,1881,0.19699999999999998
157,1881,0.162
26,1080,0.054000000000000006
99,1080,0.037000000000000005
26,979,0.054000000000000006
1457,979,0.193
445,979,0.159
1342,1344,0.622
1344,1344,0.158
214,1344,0.135
436,1344,0.39
1342,1343,0.595
1344,1343,0.584
436,1343,0.41200000000000003
1342,1316,0.486
1344,1316,0.386
119,1316,0.287
1342,436,0.439
1344,436,0.39
1342,1503,0.268
1344,1503,0.252
37,1503,0.15
119,1503,0.168
436,1503,0.22
879,1503,0.122
1342,344,0.258
1342,437,0.258
1344,437,0.22899999999999998
1342,438,0.161
426,438,0.037000000000000005
1344,438,0.14300000000000002
1342,1735,0.129
2051,1735,0.17
360,474,0.242
214,474,0.11800000000000001
360,345,0.207
360,346,0.151
360,1689,0.141
127,1689,0.040999999999999995
1011,1689,0.07200000000000001
360,1886,0.13
157,1886,0.081
360,695,0.111
65,695,0.287
360,1742,0.091
458,1742,0.035
455,1742,0.222
66,1742,0.018000000000000002
1235,1742,0.365
145,1742,0.027000000000000003
148,1742,0.026000000000000002
360,1741,0.08199999999999999
1159,1741,0.12300000000000001
148,1741,0.038
360,1837,0.081
35,1837,0.071
189,1837,0.315
1450,1837,0.168
789,790,0.423
577,790,0.17800000000000002
789,347,0.345
789,577,0.21100000000000002
788,577,0.248
415,577,0.16
789,886,0.204
65,886,0.126
1803,886,0.115
1332,886,0.11199999999999999
789,1969,0.124
1218,1969,0.265
1013,1969,0.191
801,1969,0.21600000000000003
800,1969,0.182
162,1969,0.076
789,1341,0.114
577,1341,0.209
1851,1341,0.102
1335,1341,0.027999999999999997
789,348,0.10300000000000001
480,1517,0.6709999999999999
350,1517,0.802
1026,1517,0.142
480,479,0.474
350,479,0.37799999999999995
480,349,0.447
480,350,0.359
480,2165,0.27899999999999997
40,2165,0.081
2027,2165,0.225
866,2165,0.17800000000000002
1684,2165,0.067
143,2165,0.16899999999999998
1011,2165,0.145
1398,2165,0.126
480,351,0.191
480,1927,0.17600000000000002
2021,1927,0.23199999999999998
33,1927,0.19699999999999998
155,1927,0.099
629,1927,0.201
480,1591,0.163
36,1591,0.11
69,1591,0.171
1255,1591,0.099
480,2021,0.158
741,2021,0.25
1763,352,0.522
1763,694,0.381
65,694,0.29
1763,353,0.302
1763,1757,0.191
124,1757,0.2
355,1757,0.316
1763,1758,0.174
355,1758,0.289
1763,355,0.151
1763,1762,0.1
355,1762,0.16699999999999998
1875,1835,0.16899999999999998
128,1835,0.084
1815,1835,0.166
1913,1835,0.133
1891,1835,0.151
155,1835,0.10099999999999999
1450,1835,0.2
1875,2033,0.163
1331,2033,0.12300000000000001
74,2033,0.281
1835,2033,0.154
1423,2033,0.24
1875,503,0.16
1873,503,0.298
1870,503,0.39
1875,1869,0.141
1873,1869,0.311
1870,1869,0.49700000000000005
1877,1869,0.21600000000000003
503,1869,0.5670000000000001
1875,1767,0.141
1891,1767,0.226
1875,2036,0.141
1331,2036,0.18600000000000003
74,2036,0.243
1423,2036,0.20800000000000002
1875,1442,0.141
956,1442,0.187
1681,1442,0.209
133,1442,0.408
345,356,0.316
345,357,0.27399999999999997
345,358,0.245
345,359,0.21100000000000002
345,360,0.207
345,1039,0.141
1984,1039,0.166
345,363,0.102
27,364,0.27699999999999997
27,934,0.084
88,934,0.09699999999999999
1386,365,0.133
1386,366,0.11
1386,1387,0.10800000000000001
1387,1387,0.105
1386,1282,0.08800000000000001
464,1282,0.152
1386,368,0.08
1386,638,0.027999999999999997
1119,638,0.203
40,638,0.044000000000000004
455,638,0.247
1386,2089,0.023
1581,2089,0.158
404,369,0.5770000000000001
404,1840,0.29
1450,1840,0.098
404,1043,0.147
95,1043,0.17
404,402,0.131
1737,402,0.44
404,2158,0.085
2151,2158,0.048
404,684,0.057
63,684,0.069
370,371,0.374
371,371,0.27899999999999997
370,466,0.159
40,466,0.055
370,1077,0.156
98,1077,0.102
370,375,0.128
371,375,0.095
370,377,0.124
371,377,0.077
370,661,0.12
422,661,0.10800000000000001
370,757,0.09
371,757,0.084
2004,757,0.09
67,757,0.083
370,554,0.068
48,554,0.068
371,370,0.374
371,1634,0.254
1636,1634,0.21
371,372,0.17600000000000002
371,373,0.152
371,374,0.152
371,376,0.081
1218,1622,0.5489999999999999
1216,1622,0.313
33,1622,0.113
1619,1622,0.418
1798,1622,0.33299999999999996
1218,1618,0.409
1216,1618,0.541
1013,1618,0.191
1622,1618,0.455
1619,1618,0.92
2082,1618,0.39899999999999997
1798,1618,0.6990000000000001
1218,1583,0.392
1216,1583,0.518
1013,1583,0.174
1622,1583,0.413
139,1583,0.11800000000000001
2082,1583,0.363
1218,1619,0.376
1216,1619,0.498
1013,1619,0.17600000000000002
1622,1619,0.418
2082,1619,0.36700000000000005
1798,1619,0.643
1790,1787,0.182
426,1787,0.091
1865,1787,0.037000000000000005
122,1787,0.073
1787,1787,0.606
687,728,0.429
2148,728,0.22399999999999998
687,378,0.34299999999999997
687,379,0.34299999999999997
687,380,0.28
687,381,0.28
687,547,0.14
706,547,0.408
687,805,0.14
803,805,0.258
1221,805,0.218
266,1822,0.254
1937,1822,0.152
266,383,0.207
266,385,0.161
266,2162,0.14400000000000002
575,2162,0.239
415,2162,0.154
1398,2162,0.17800000000000002
266,732,0.131
264,732,0.243
875,732,0.121
266,1687,0.098
875,1687,0.183
2027,1687,0.163
866,1687,0.129
1011,1687,0.21100000000000002
266,386,0.096
2021,387,0.21600000000000003
2021,2026,0.213
350,2026,0.161
741,2026,0.17800000000000002
2021,388,0.193
2021,2164,0.18899999999999997
582,2164,0.28600000000000003
1398,2164,0.126
2021,2168,0.158
1398,2168,0.105
2021,480,0.158
36,480,0.152
350,480,0.359
2021,579,0.154
1767,579,0.174
2021,607,0.139
51,607,0.24100000000000002
28,1932,0.115
629,1932,0.184
28,1546,0.033
121,1546,0.043
1541,1546,0.14800000000000002
1593,1546,0.04
766,389,0.462
766,390,0.265
766,1073,0.226
98,1073,0.25
766,392,0.18100000000000002
766,393,0.172
766,394,0.166
766,395,0.16
766,980,0.152
1457,980,0.12
445,980,0.127
766,396,0.14
1058,1103,0.276
397,1103,0.255
102,1103,0.042
1058,1066,0.20800000000000002
398,1066,0.8240000000000001
397,1066,0.192
1058,398,0.185
1737,476,0.183
2185,476,0.129
398,406,0.64
398,407,0.511
398,409,0.40299999999999997
398,410,0.375
575,412,0.447
575,414,0.298
575,1853,0.183
128,1853,0.122
1115,1853,0.096
31,1965,0.4
162,1965,0.516
31,551,0.18
1962,551,0.146
706,551,0.142
31,416,0.052000000000000005
31,1979,0.048
47,1979,0.053
1159,1979,0.151
102,1979,0.035
127,1979,0.035
764,1979,0.095
31,1746,0.039
81,1746,0.025
148,1746,0.025
1862,417,0.23399999999999999
1862,418,0.23399999999999999
1862,463,0.23199999999999998
1873,463,0.18899999999999997
1862,419,0.221
1862,971,0.221
1591,971,0.243
1862,420,0.221
1862,1988,0.21600000000000003
83,1988,0.109
1036,1988,0.091
1862,1859,0.209
1855,1859,0.218
446,1859,0.273
1857,1859,0.17800000000000002
1862,421,0.191
1862,1242,0.182
33,1242,0.059000000000000004
102,1242,0.07400000000000001
111,1242,0.064
426,1865,0.204
1864,1865,0.612
426,831,0.139
50,831,0.17600000000000002
826,831,0.054000000000000006
426,1212,0.098
1409,1212,0.263
426,422,0.071
426,423,0.061
1865,1864,0.612
1864,1864,1.0
1865,425,0.258
1865,426,0.204
1865,427,0.11800000000000001
1865,1866,0.057
2109,1866,0.14
1053,1866,0.10800000000000001
1864,1866,0.094
1865,1013,0.026000000000000002
331,1013,0.067
1013,1013,0.201
1684,1013,0.048
1153,1925,0.5
629,1925,0.218
1153,1151,0.408
428,1151,0.516
1153,754,0.354
67,754,0.252
1153,2017,0.33399999999999996
67,2017,0.35700000000000004
428,2017,0.254
613,2017,0.327
1153,428,0.316
1153,429,0.23600000000000002
1153,1154,0.158
428,1154,0.3
1153,430,0.153
1153,1799,0.127
1690,1799,0.151
1623,1799,0.153
1153,758,0.113
67,758,0.081
33,432,0.174
33,629,0.16399999999999998
55,629,0.066
33,1158,0.121
428,1158,0.102
33,722,0.083
2002,722,0.177
33,433,0.07400000000000001
33,816,0.062
73,816,0.083
956,1625,0.299
140,1625,0.127
1877,1625,0.254
956,1445,0.265
577,1445,0.222
133,1445,0.289
956,1285,0.237
1071,1285,0.231
956,744,0.187
747,744,0.152
956,434,0.147
956,957,0.14400000000000002
214,957,0.192
1332,957,0.125
1625,957,0.184
956,435,0.132
956,1444,0.132
133,1444,0.289
1344,1342,0.622
436,1342,0.439
1344,573,0.245
264,573,0.302
1344,469,0.218
214,469,0.37200000000000005
441,439,0.172
441,2149,0.149
169,2149,0.141
441,440,0.105
441,441,0.08900000000000001
441,442,0.083
441,443,0.055999999999999994
441,1329,0.05
82,1329,0.239
1847,1329,0.179
121,1329,0.16899999999999998
441,553,0.049
48,553,0.068
441,473,0.048
214,473,0.135
441,444,0.046
34,1652,0.083
1053,1652,0.034
142,1652,0.042
143,1652,0.09300000000000001
1457,445,0.47100000000000003
1457,975,0.385
445,975,0.408
1457,977,0.258
445,977,0.213
1457,978,0.21600000000000003
445,978,0.191
1457,446,0.136
1457,2016,0.128
2148,2016,0.243
130,2016,0.132
613,2016,0.33299999999999996
1457,1986,0.098
1036,1986,0.198
1457,447,0.076
35,1600,0.159
139,1600,0.061
1543,1600,0.08199999999999999
35,1330,0.154
121,1330,0.154
36,2144,0.24
571,2144,0.289
169,2144,0.212
36,872,0.193
1276,872,0.191
36,448,0.12
36,449,0.10300000000000001
36,450,0.094
36,571,0.092
1391,571,0.314
36,788,0.08900000000000001
69,788,0.18600000000000003
577,788,0.248
1119,452,0.371
1119,719,0.316
2002,719,0.23399999999999999
1119,453,0.233
1119,1388,0.183
1389,1388,0.15
1387,1388,0.1
1119,1520,0.18100000000000002
1026,1520,0.134
1119,454,0.16
1119,455,0.155
1516,1022,0.265
1051,1022,0.068
1515,1022,0.33
1516,1845,0.207
41,1845,0.126
1515,1845,0.22699999999999998
1026,1845,0.129
139,1845,0.049
152,1845,0.076
1115,1845,0.37200000000000005
1516,1024,0.204
1515,1024,0.254
1516,1025,0.204
1515,1025,0.254
1516,1028,0.16
1515,1028,0.19899999999999998
37,1323,0.387
1962,1323,0.146
120,1323,0.20199999999999999
37,1098,0.109
1436,1098,0.133
37,1815,0.078
1331,1815,0.133
1962,1815,0.185
1436,1815,0.475
126,1815,0.12
1835,1815,0.166
154,1815,0.034
37,457,0.07200000000000001
38,1781,0.37799999999999995
1660,1781,0.134
152,1781,0.228
458,458,0.667
458,459,0.522
458,460,0.516
458,461,0.285
458,462,0.222
458,2053,0.057999999999999996
801,2053,0.321
1405,2053,0.20199999999999999
1293,2053,0.17800000000000002
2057,2053,0.16699999999999998
458,2054,0.04
1303,2054,0.023
819,2054,0.04
83,2054,0.033
109,2054,0.033
2045,2054,0.035
131,2054,0.027000000000000003
145,2054,0.052000000000000005
2057,2054,0.16699999999999998
1873,1870,0.494
503,1870,0.39
1873,1279,0.203
1870,1279,0.324
464,1279,0.231
1873,1872,0.18600000000000003
1870,1872,0.298
1501,1872,0.278
464,1872,0.132
121,1872,0.172
503,1872,0.337
1873,1354,0.182
124,1354,0.2
1873,464,0.16399999999999998
1873,2147,0.152
1870,2147,0.138
2148,2147,0.27
446,2147,0.261
1877,2147,0.195
169,2147,0.18100000000000002
40,676,0.213
1467,676,0.156
40,678,0.151
1467,678,0.11
40,1734,0.129
193,1734,0.153
2051,1734,0.18899999999999997
40,1026,0.071
41,1026,0.067
1691,1026,0.121
1515,1026,0.204
40,1467,0.067
135,1467,0.057
40,465,0.063
40,1654,0.052000000000000005
41,1654,0.091
143,1654,0.054000000000000006
214,470,0.27699999999999997
214,471,0.21
2185,475,0.203
2185,915,0.155
2184,915,0.175
2185,2183,0.149
915,2183,0.185
2185,477,0.12
2185,1483,0.11699999999999999
1976,1483,0.11900000000000001
1818,1483,0.11699999999999999
185,1483,0.18600000000000003
1627,1483,0.174
2185,478,0.115
2185,1153,0.11199999999999999
428,1153,0.316
350,481,0.228
350,918,0.20199999999999999
1639,918,0.114
350,482,0.17300000000000001
350,1319,0.128
451,1319,0.10800000000000001
119,1319,0.23199999999999998
350,483,0.122
350,484,0.107
41,1644,0.059000000000000004
52,1644,0.098
1847,1644,0.063
142,1644,0.059000000000000004
1681,486,0.434
1681,487,0.264
1681,1681,0.261
114,1681,0.132
1178,1681,0.18100000000000002
1681,488,0.221
1681,1722,0.209
147,1722,0.5770000000000001
1681,489,0.209
1681,490,0.209
1681,1295,0.209
114,1295,0.632
1681,491,0.198
781,492,0.44
781,493,0.359
781,1550,0.35100000000000003
829,1550,0.297
781,494,0.325
781,495,0.325
781,1551,0.314
829,1551,0.289
781,496,0.29100000000000004
781,497,0.23800000000000002
781,498,0.233
1331,1876,0.266
1436,1876,0.239
110,1876,0.17300000000000001
120,1876,0.07400000000000001
1815,1876,0.243
503,1876,0.131
1331,1436,0.141
1962,1436,0.153
71,1436,0.052000000000000005
88,1436,0.09
1815,1436,0.475
1331,1326,0.13
121,1326,0.866
1331,1327,0.13
121,1327,0.866
1331,2031,0.13
74,2031,0.397
405,2031,0.16699999999999998
1423,2031,0.34
1331,500,0.121
788,1491,0.263
69,1491,0.7070000000000001
1591,1491,0.243
771,1491,0.354
788,1493,0.214
69,1493,0.5770000000000001
771,1493,0.289
331,737,0.294
451,737,0.16
331,1779,0.111
119,1779,0.175
151,1779,0.052000000000000005
331,925,0.084
1678,925,0.317
331,896,0.051
47,896,0.068
1391,896,0.055999999999999994
2135,896,0.281
1691,896,0.09300000000000001
331,1785,0.05
1405,1785,0.107
126,1785,0.08900000000000001
1293,1785,0.09
152,1785,0.051
1870,1873,0.494
464,1873,0.16399999999999998
503,1873,0.298
1870,504,0.22899999999999998
1870,745,0.16399999999999998
747,745,0.145
1870,505,0.149
42,507,0.354
42,508,0.32
42,509,0.316
42,510,0.289
42,511,0.25
42,512,0.147
42,1921,0.086
1922,1921,0.063
665,1921,0.305
42,1485,0.064
66,1485,0.036000000000000004
117,1485,0.043
1627,1485,0.086
43,513,0.27699999999999997
1429,1165,0.555
514,1165,0.4
1314,1165,0.145
1429,912,0.45299999999999996
514,912,0.327
1429,913,0.45299999999999996
514,913,0.327
1429,1616,0.32
193,1616,0.147
1429,2039,0.27699999999999997
2030,2039,0.354
1423,2039,0.196
1429,910,0.27699999999999997
74,910,0.115
514,910,0.5
1429,803,0.248
1221,803,0.33799999999999997
1429,1424,0.226
2030,1424,0.289
1429,514,0.222
1429,1221,0.21
803,1221,0.33799999999999997
804,1221,0.228
45,1811,0.5670000000000001
800,1811,0.18
45,515,0.42200000000000004
45,517,0.365
45,518,0.298
45,519,0.258
45,520,0.258
45,1917,0.22399999999999998
1767,1917,0.204
1719,1917,0.16699999999999998
45,2106,0.203
1866,2106,0.156
45,578,0.2
1767,578,0.183
1647,521,0.396
1647,522,0.389
1647,523,0.336
1647,524,0.322
1647,525,0.28300000000000003
1647,526,0.27399999999999997
1647,527,0.218
1647,528,0.207
46,529,0.258
46,1169,0.243
107,1169,0.139
46,1170,0.184
107,1170,0.126
46,1174,0.17
107,1174,0.109
46,530,0.125
46,531,0.125
46,532,0.125
46,533,0.12300000000000001
46,534,0.107
1962,535,0.212
1962,1875,0.203
74,1875,0.092
103,1875,0.076
1835,1875,0.16899999999999998
143,1875,0.08900000000000001
503,1875,0.16
1962,1720,0.192
1913,1720,0.192
1962,1774,0.14400000000000002
1601,1774,0.134
151,1774,0.134
47,1977,0.142
764,1977,0.16899999999999998
47,536,0.139
47,1978,0.073
1818,1978,0.115
127,1978,0.048
1821,1978,0.39299999999999996
764,1978,0.13
47,708,0.06
66,708,0.091
47,1976,0.054000000000000006
764,1976,0.192
47,1372,0.051
127,1372,0.051
1013,748,0.299
847,748,0.226
1013,1797,0.187
1622,1797,0.445
1619,1797,0.8590000000000001
2082,1797,0.391
1798,1797,0.684
1623,1797,0.377
1013,823,0.183
77,823,0.263
1013,537,0.18100000000000002
538,538,0.28600000000000003
538,1920,0.252
665,1920,0.33299999999999996
538,540,0.19699999999999998
538,541,0.165
538,543,0.08
538,1120,0.069
706,1120,0.129
1120,1120,0.183
66,1120,0.055
699,1120,0.452
538,667,0.049
1922,667,0.083
1656,1564,0.365
1657,1564,0.293
1660,1564,0.13699999999999998
1655,1564,0.47100000000000003
1656,544,0.095
706,545,0.816
706,546,0.535
706,548,0.33299999999999996
706,549,0.33299999999999996
706,1160,0.25
48,1160,0.21600000000000003
1314,1160,0.193
706,550,0.171
706,948,0.147
946,948,0.085
48,1012,0.134
946,1012,0.107
1684,1012,0.08800000000000001
48,2100,0.09
1866,2100,0.341
48,552,0.07
801,555,0.335
801,556,0.183
801,800,0.163
1803,800,0.47700000000000004
801,557,0.149
801,558,0.132
801,960,0.13
1332,960,0.146
1625,960,0.14
801,559,0.126
189,561,0.18
189,791,0.163
63,791,0.182
1776,791,0.22399999999999998
189,562,0.161
189,563,0.159
189,564,0.121
189,565,0.11900000000000001
189,566,0.113
1081,567,0.308
1081,904,0.16399999999999998
55,904,0.042
85,904,0.02
1081,568,0.149
1081,2010,0.145
2002,2010,0.19
117,2010,0.04
1258,2010,0.087
1081,569,0.11800000000000001
49,570,0.632
1391,1392,0.23800000000000002
1387,1392,0.18899999999999997
571,1392,0.225
1391,1458,0.218
446,1458,0.136
1391,572,0.139
1391,1233,0.094
1657,1233,0.052000000000000005
1391,909,0.045
64,909,0.021
86,909,0.039
415,1084,0.589
577,1084,0.22699999999999998
1501,1084,0.275
415,1501,0.195
128,1501,0.121
879,1501,0.191
415,583,0.156
1682,583,0.139
1767,1765,0.258
77,1765,0.284
1829,1765,0.259
1891,1765,0.23399999999999999
1767,1891,0.226
1835,1891,0.151
1894,1891,0.182
1767,1567,0.218
1655,1567,0.225
1767,580,0.166
1767,1770,0.166
125,1770,0.078
128,1770,0.105
139,1770,0.068
1891,1770,0.131
1682,1677,0.289
1178,1677,0.27399999999999997
1682,582,0.244
1682,1178,0.158
1678,1178,0.221
1680,1178,0.196
1682,1678,0.155
114,1678,0.10800000000000001
929,1678,0.23600000000000002
1178,1678,0.221
1902,584,0.284
1902,585,0.25
1902,599,0.23800000000000002
50,599,0.217
1902,588,0.212
1902,1525,0.171
1071,1525,0.295
929,1525,0.33299999999999996
1902,589,0.162
1902,1897,0.162
1898,1897,0.365
1902,937,0.162
90,937,0.226
591,590,0.426
591,591,0.364
591,592,0.27
591,593,0.191
591,594,0.161
591,595,0.105
591,596,0.087
50,597,0.4
50,598,0.258
50,1377,0.191
1680,1377,0.444
129,1377,0.191
50,876,0.075
1892,876,0.11800000000000001
1303,2045,0.5
2048,2045,0.11
1303,1508,0.408
2045,1508,0.408
686,1508,0.289
1303,1304,0.37799999999999995
2045,1304,0.37799999999999995
1303,1113,0.183
1106,1113,0.26
1303,1305,0.177
2045,1305,0.177
1303,601,0.10300000000000001
1303,1389,0.066
1389,1389,0.284
84,1389,0.04
102,1389,0.044000000000000004
2045,1389,0.098
122,1389,0.05
1387,1389,0.096
1050,1052,0.32899999999999996
514,1052,0.263
1638,1052,0.205
1050,602,0.3
1050,603,0.22399999999999998
1050,604,0.177
1050,1124,0.129
582,1124,0.195
1050,746,0.11800000000000001
747,746,0.10099999999999999
1050,747,0.107
747,747,0.08199999999999999
1050,605,0.102
51,961,0.35100000000000003
1625,961,0.139
51,606,0.289
51,608,0.23199999999999998
51,609,0.222
51,610,0.166
51,727,0.152
2148,727,0.258
51,611,0.14300000000000002
51,1349,0.115
124,1349,0.28600000000000003
1370,613,0.154
1370,614,0.154
1370,1370,0.14300000000000002
120,1370,0.081
127,1370,0.059000000000000004
1370,730,0.14
875,730,0.14300000000000002
1370,1820,0.134
1937,1820,0.162
846,1179,0.281
103,1179,0.179
1680,1179,0.177
846,615,0.204
846,616,0.192
846,617,0.168
846,618,0.16
846,619,0.157
846,620,0.157
846,621,0.141
846,2005,0.128
2004,2005,0.47100000000000003
1258,2005,0.17600000000000002
52,622,0.516
52,623,0.23800000000000002
52,624,0.22899999999999998
52,625,0.22399999999999998
52,626,0.126
54,1841,0.083
129,1841,0.052000000000000005
1450,1841,0.083
55,1340,0.085
1335,1340,0.052000000000000005
55,628,0.079
55,1743,0.06
148,1743,0.025
55,630,0.051
56,632,0.27
56,1628,0.22399999999999998
1877,1628,0.205
56,1940,0.214
1855,1940,0.08199999999999999
110,1940,0.141
1821,1940,0.14300000000000002
56,1280,0.214
464,1280,0.17300000000000001
56,633,0.20199999999999999
56,634,0.192
56,635,0.152
455,636,0.67
455,1980,0.48
1235,1980,0.505
764,1980,0.075
455,637,0.401
455,1189,0.305
1235,1189,0.43799999999999994
455,655,0.218
59,655,0.37
455,639,0.217
455,1083,0.205
99,1083,0.022000000000000002
57,640,0.5770000000000001
57,641,0.5
57,642,0.447
57,643,0.436
57,871,0.354
1276,871,0.22399999999999998
57,644,0.316
57,645,0.289
57,646,0.25
57,647,0.2
58,649,0.816
58,650,0.10300000000000001
725,2148,0.365
169,2148,0.179
725,1626,0.19
1625,1626,0.258
140,1626,0.17
1877,1626,0.251
725,1958,0.136
2148,1958,0.373
1627,1958,0.16699999999999998
160,1958,0.18600000000000003
725,651,0.132
725,652,0.11800000000000001
725,653,0.107
725,654,0.063
59,1950,0.281
2004,1950,0.07
1971,1950,0.295
59,1207,0.253
2004,1207,0.062
108,1207,0.068
59,1951,0.221
1971,1951,0.257
59,1952,0.207
464,1952,0.21
1971,1952,0.25
59,1947,0.192
104,1947,0.076
126,1947,0.049
1971,1947,0.5479999999999999
59,1778,0.17800000000000002
1684,1778,0.052000000000000005
1011,1778,0.075
151,1778,0.068
422,662,0.281
1922,662,0.494
422,656,0.214
422,908,0.168
185,908,0.12
422,657,0.14300000000000002
422,658,0.139
422,659,0.11699999999999999
422,1949,0.113
1922,1949,0.225
665,1949,0.062
1971,1949,0.358
1922,664,0.298
1922,666,0.096
2004,1258,0.187
2002,1258,0.601
2008,1258,0.10800000000000001
2004,846,0.091
620,846,0.157
2004,1432,0.040999999999999995
990,1432,0.262
132,1432,0.05
61,1857,0.667
1855,1857,0.272
1857,1857,0.222
1855,668,0.365
1855,1854,0.365
1857,1854,0.298
1855,1856,0.309
1833,1856,0.081
1857,1856,0.252
1855,1858,0.23600000000000002
803,1858,0.258
1839,1858,0.16699999999999998
1857,1858,0.192
1855,1861,0.17
355,1861,0.147
1857,1861,0.139
1855,1862,0.128
1857,1862,0.10400000000000001
1855,1863,0.096
93,1863,0.136
1857,1863,0.079
2009,2003,0.344
2002,2003,0.7190000000000001
81,2003,0.09
436,2003,0.264
1258,2003,0.395
2009,669,0.311
2009,670,0.27899999999999997
2009,2009,0.25
2008,2009,0.11199999999999999
1258,2009,0.096
2009,671,0.228
2009,1926,0.21899999999999997
629,1926,0.214
2009,672,0.19899999999999998
2009,673,0.19399999999999998
2009,674,0.165
62,2192,0.027999999999999997
137,2192,0.013999999999999999
158,2192,0.027999999999999997
2193,2192,0.16699999999999998
1467,675,0.221
1467,1270,0.156
920,1270,0.16899999999999998
1467,677,0.128
1467,1824,0.10400000000000001
1937,1824,0.14400000000000002
1467,679,0.099
1467,1888,0.083
1894,1888,0.217
1467,1589,0.076
1255,1589,0.14
1467,787,0.068
1051,787,0.055999999999999994
63,681,0.364
63,682,0.174
63,1713,0.161
133,1713,0.154
232,1713,0.10300000000000001
63,683,0.125
1509,686,0.22
1509,687,0.17300000000000001
1509,1018,0.159
92,1018,0.113
1509,1355,0.154
1833,1355,0.09300000000000001
124,1355,0.19399999999999998
1509,1614,0.135
193,1614,0.192
1509,999,0.134
1604,999,0.18100000000000002
1509,688,0.13
64,689,0.37799999999999995
64,690,0.252
64,691,0.228
64,1099,0.136
102,1099,0.239
64,692,0.06
64,1970,0.04
162,1970,0.062
65,1915,0.389
1719,1915,0.231
65,1912,0.23600000000000002
1719,1912,0.28
65,696,0.203
65,697,0.17800000000000002
65,698,0.162
65,793,0.162
1776,793,0.185
1120,699,0.452
1120,700,0.19399999999999998
1120,701,0.163
1120,702,0.155
1120,703,0.13699999999999998
1120,704,0.129
1120,705,0.129
1120,706,0.129
1120,707,0.129
66,2198,0.012
168,2198,0.026000000000000002
1234,2198,0.161
712,710,0.816
712,712,0.33299999999999996
712,713,0.314
712,714,0.29
712,715,0.23600000000000002
712,716,0.226
712,717,0.22399999999999998
712,718,0.209
2002,720,0.228
2002,1142,0.22699999999999998
104,1142,0.055
2002,721,0.193
2002,723,0.16399999999999998
2002,1653,0.159
2045,1653,0.069
143,1653,0.08199999999999999
2148,2141,0.478
169,2141,0.321
2148,2143,0.4
169,2143,0.268
2148,724,0.365
2148,725,0.365
2148,726,0.316
875,1892,0.265
1894,1892,0.115
875,1489,0.25
1522,1489,0.192
771,1489,0.375
875,729,0.204
875,1650,0.18899999999999997
143,1650,0.16899999999999998
875,1522,0.16
103,1522,0.09699999999999999
1660,1522,0.113
139,1522,0.111
451,734,0.22699999999999998
451,1578,0.192
730,1578,0.20199999999999999
451,736,0.16699999999999998
451,739,0.111
2027,2028,0.4
866,2028,0.316
862,2028,0.166
741,2028,0.149
2027,866,0.316
862,866,0.131
2027,740,0.28300000000000003
866,740,0.22399999999999998
2027,1474,0.175
866,1474,0.139
136,1474,0.29600000000000004
2027,862,0.166
866,862,0.131
862,862,0.207
866,2027,0.316
862,2027,0.166
741,2027,0.149
1069,1069,1.0
742,1069,0.5770000000000001
1069,742,0.5770000000000001
1069,1667,0.452
742,1667,0.174
1663,1667,0.16
1569,1667,0.114
747,1050,0.107
1638,1050,0.25
847,1739,0.278
148,1739,0.045
847,1371,0.239
1332,1371,0.132
127,1371,0.057999999999999996
847,749,0.19
847,750,0.183
847,1085,0.16399999999999998
1501,1085,0.247
847,1533,0.16399999999999998
1501,1533,0.22
929,1533,0.134
847,751,0.155
847,1380,0.153
1847,1380,0.059000000000000004
122,1380,0.063
129,1380,0.05
847,752,0.126
67,753,0.37799999999999995
67,2013,0.28600000000000003
613,2013,0.655
67,755,0.165
67,1020,0.11699999999999999
92,1020,0.057999999999999996
67,1598,0.115
1593,1598,0.32299999999999995
1543,1598,0.11800000000000001
68,759,0.379
68,760,0.33299999999999996
68,761,0.154
68,762,0.109
68,1441,0.10099999999999999
1786,1441,0.331
1815,1441,0.163
68,829,0.053
826,829,0.067
68,1294,0.045
108,1294,0.049
1405,1294,0.142
68,869,0.022000000000000002
1053,869,0.066
81,869,0.015
1976,763,0.239
1976,764,0.192
1976,765,0.175
1976,1201,0.16899999999999998
1690,1201,0.152
1976,855,0.158
792,855,0.264
450,855,0.20199999999999999
1976,1753,0.147
149,1753,0.062
1976,1472,0.14300000000000002
136,1472,0.322
1976,1804,0.12
800,1804,0.47700000000000004
1976,766,0.11900000000000001
1818,767,0.316
1818,1936,0.28
1937,1936,0.413
1821,1936,0.161
1818,768,0.25
1818,1937,0.205
1821,1937,0.155
1818,1818,0.2
1937,1818,0.205
1818,1935,0.168
1937,1935,0.183
1821,1935,0.507
1818,769,0.124
69,770,0.37799999999999995
69,772,0.055
803,773,0.516
803,774,0.447
803,775,0.298
803,776,0.298
803,1429,0.248
1221,1429,0.21
2030,1429,0.196
803,777,0.2
803,1511,0.172
686,1511,0.136
70,778,0.267
70,779,0.18899999999999997
70,780,0.171
70,781,0.131
70,1502,0.11
879,1502,0.156
70,782,0.091
70,783,0.075
70,2159,0.054000000000000006
2151,2159,0.038
70,1416,0.051
1847,1416,0.071
1417,1416,0.6
1051,1051,0.8
1638,1051,0.226
1051,784,0.145
1051,2169,0.13
151,2169,0.08900000000000001
1398,2169,0.105
1051,785,0.105
1051,786,0.099
577,789,0.21100000000000002
1776,1523,0.386
792,1523,0.24100000000000002
139,1523,0.078
1776,792,0.19
1776,794,0.17300000000000001
1776,795,0.15
1776,796,0.15
2109,797,0.5770000000000001
2109,1982,0.044000000000000004
101,1982,0.062
126,1982,0.047
156,1982,0.044000000000000004
764,1982,0.055
2109,1235,0.035
1235,1235,0.6409999999999999
1657,1235,0.019
71,1827,0.213
155,1827,0.171
71,798,0.149
1803,1808,0.516
800,1808,0.24600000000000002
1803,1809,0.516
800,1809,0.24600000000000002
1803,801,0.105
1803,802,0.09300000000000001
1803,1075,0.071
98,1075,0.127
1803,1843,0.054000000000000006
99,1843,0.023
1450,1843,0.071
1221,2029,0.309
804,2029,0.24600000000000002
741,2029,0.136
1221,804,0.228
1221,806,0.20199999999999999
1221,1225,0.17800000000000002
1130,1225,0.344
1221,807,0.16899999999999998
1221,1229,0.14300000000000002
1130,1229,0.276
72,808,0.249
72,809,0.203
72,2154,0.153
2151,2154,0.057
72,810,0.132
72,812,0.092
72,813,0.086
72,814,0.084
72,1895,0.073
1894,1895,0.09
74,2032,0.344
1423,2032,0.294
74,817,0.265
74,1423,0.135
2038,1423,0.196
2037,1423,0.196
2030,1423,0.34700000000000003
74,818,0.115
74,1034,0.08199999999999999
1159,1034,0.204
1007,1034,0.456
1984,1034,0.27699999999999997
819,819,0.667
819,820,0.156
819,821,0.08
77,1222,0.313
804,1222,0.191
77,824,0.256
77,825,0.256
826,826,0.16699999999999998
826,827,0.136
826,1468,0.096
135,1468,0.057
826,828,0.069
826,830,0.064
826,832,0.047
2135,835,0.29100000000000004
2135,836,0.258
2135,1548,0.25
829,1548,0.41600000000000004
78,838,0.051
792,840,0.478
792,841,0.373
792,842,0.28300000000000003
792,1989,0.195
1036,1989,0.078
620,1252,0.23199999999999998
2008,1252,0.23199999999999998
620,845,0.158
620,848,0.096
620,1690,0.085
1053,1690,0.098
1011,1690,0.069
1053,2081,0.132
2082,2081,0.29600000000000004
1581,2081,0.5670000000000001
1053,1751,0.047
180,1751,0.087
80,851,1.0
450,852,0.41600000000000004
450,853,0.24
450,854,0.222
450,857,0.18600000000000003
450,1560,0.18600000000000003
140,1560,0.245
450,859,0.132
450,1852,0.129
119,1852,0.248
1115,1852,0.11599999999999999
862,860,0.249
862,861,0.249
862,863,0.18600000000000003
862,865,0.152
81,867,0.218
81,1833,0.031
1159,1833,0.153
156,1833,0.076
81,868,0.028999999999999998
81,1008,0.027999999999999997
1007,1008,0.055999999999999994
1276,870,0.239
1276,932,0.22399999999999998
88,932,0.816
1276,873,0.183
1276,1395,0.175
1436,1395,0.152
571,1395,0.16
1276,874,0.168
1892,2007,0.129
1258,2007,0.111
1892,920,0.12
1786,920,0.175
1892,1894,0.115
1891,1894,0.182
1894,1894,0.105
1892,878,0.062
1499,983,0.5720000000000001
1784,983,0.34299999999999997
1499,984,0.531
1784,984,0.278
1499,987,0.312
1784,987,0.16399999999999998
1499,879,0.258
1499,1495,0.258
879,1495,1.0
1499,1496,0.258
879,1496,1.0
1499,1536,0.21100000000000002
1784,1536,0.166
1541,1536,0.272
1499,1497,0.21100000000000002
879,1497,0.816
1499,880,0.21100000000000002
83,881,1.5
83,882,1.5
83,1729,0.474
147,1729,0.183
83,2079,0.21899999999999997
503,2079,0.248
613,2079,0.179
166,2079,0.11900000000000001
83,1410,0.079
1405,1410,0.107
1293,1410,0.099
1159,1161,0.653
1833,1161,0.136
1314,1161,0.184
1159,883,0.429
1159,1314,0.207
1314,1314,0.13699999999999998
118,1314,0.051
1332,884,0.198
1332,1640,0.13699999999999998
1639,1640,0.129
1627,1640,0.171
1636,1640,0.138
1332,885,0.12300000000000001
1389,887,0.21
1389,888,0.193
1389,889,0.18600000000000003
1389,890,0.17600000000000002
1389,891,0.152
1389,892,0.13699999999999998
1389,893,0.133
1691,1692,0.645
894,1692,0.491
1691,894,0.5529999999999999
1691,1696,0.402
894,1696,0.191
1691,2096,0.302
894,2096,0.22899999999999998
167,2096,0.177
1691,1697,0.174
894,1697,0.132
1691,1518,0.133
1026,1518,0.142
1691,895,0.1
84,897,0.257
84,898,0.121
84,899,0.096
84,902,0.075
84,903,0.051
185,905,0.21600000000000003
514,911,0.48200000000000004
514,914,0.302
514,1596,0.256
1984,1596,0.48
1543,1596,0.165
2184,1408,0.16899999999999998
1786,1408,0.165
1409,1408,0.239
1293,1408,0.505
2184,916,0.166
1639,1055,0.191
1638,1055,0.18600000000000003
1639,1283,0.12300000000000001
464,1283,0.133
1639,1669,0.10099999999999999
1663,1669,0.079
1569,1669,0.085
1639,1057,0.1
1638,1057,0.177
1786,1747,0.267
180,1747,0.264
1786,919,0.182
1786,2083,0.17600000000000002
180,2083,0.154
1581,2083,0.364
1786,1438,0.172
120,1438,0.071
1815,1438,0.225
1786,921,0.16399999999999998
87,922,0.187
87,923,0.14
87,924,0.135
1678,926,0.281
1678,927,0.266
1678,928,0.24100000000000002
1678,1531,0.192
114,1531,0.084
929,1531,0.184
88,931,0.816
88,1364,0.316
1106,1364,0.341
1660,1364,0.129
125,1364,0.122
88,1492,0.272
1501,1492,0.254
1829,1492,0.335
771,1492,0.354
88,933,0.24100000000000002
88,1237,0.122
1660,1237,0.075
89,1263,0.248
1262,1263,0.21
90,1807,0.263
800,1807,0.28600000000000003
90,936,0.226
90,1819,0.226
1937,1819,0.187
90,938,0.196
90,939,0.196
90,1473,0.196
136,1473,0.302
90,940,0.175
90,941,0.163
946,942,0.22899999999999998
946,943,0.187
946,944,0.172
946,945,0.162
946,2072,0.11
109,2072,0.053
142,2072,0.038
165,2072,0.053
946,946,0.105
946,947,0.10400000000000001
946,949,0.066
1524,951,0.247
1524,952,0.207
1524,953,0.18899999999999997
1524,954,0.182
1524,955,0.165
1524,1029,0.16399999999999998
1833,1029,0.10099999999999999
1524,1299,0.135
114,1299,0.138
91,1813,0.21
154,1813,0.084
1625,956,0.299
1625,1877,0.254
446,1877,0.187
1627,1877,0.21600000000000003
503,1877,0.122
1625,1005,0.153
405,1005,0.366
1625,959,0.142
1851,962,0.18
1851,1115,0.125
1847,1115,0.187
1851,1378,0.109
129,1378,0.138
1851,963,0.10800000000000001
1851,965,0.07
1851,1403,0.065
292,1403,0.14300000000000002
1591,967,0.364
1591,968,0.364
1591,969,0.243
1591,970,0.243
1591,972,0.243
1591,973,0.243
1591,974,0.21
445,1457,0.47100000000000003
446,1457,0.136
445,976,0.316
445,1394,0.20600000000000002
571,1394,0.168
445,981,0.11
445,982,0.105
1784,1499,0.332
879,1499,0.258
1784,985,0.166
1784,986,0.166
1784,1452,0.166
1835,1452,0.163
1784,989,0.135
990,1954,0.485
1971,1954,0.239
990,2190,0.41200000000000003
95,2190,0.071
1262,2190,0.046
2193,2190,0.17
990,991,0.248
993,992,0.35
993,993,0.19
993,1968,0.16699999999999998
162,1968,0.083
993,994,0.16399999999999998
993,995,0.154
993,1102,0.142
102,1102,0.11199999999999999
993,996,0.134
993,1090,0.12300000000000001
1091,1090,0.094
993,997,0.10300000000000001
1604,998,0.209
1604,1676,0.17600000000000002
145,1676,0.047
1604,1278,0.147
113,1278,0.204
1604,1000,0.147
1604,1001,0.12
1604,1002,0.12
1604,1003,0.12
1604,1604,0.11599999999999999
1601,1604,0.085
405,1454,0.215
446,1454,0.456
405,1006,0.196
405,2086,0.185
1581,2086,0.196
405,2062,0.18100000000000002
164,2062,0.162
1007,1007,2.0
1007,1203,0.046
1690,1203,0.142
1684,1009,0.46299999999999997
1684,1010,0.37799999999999995
1684,1011,0.309
1684,1683,0.14800000000000002
1011,1683,0.32
1684,1685,0.099
1011,1685,0.214
92,1014,0.312
92,1015,0.282
92,1016,0.17800000000000002
92,1017,0.126
92,1570,0.10099999999999999
1663,1570,0.134
92,1019,0.08900000000000001
92,1659,0.057
1655,1659,0.27
1564,1659,0.147
1833,1159,0.153
1314,1159,0.207
1833,1957,0.13
103,1957,0.096
139,1957,0.073
160,1957,0.24100000000000002
1833,1719,0.09300000000000001
1913,1719,0.272
1833,1031,0.09300000000000001
93,1032,0.28600000000000003
93,1033,0.28
93,1738,0.091
2051,1738,0.149
1984,1036,0.24
1984,1037,0.214
1984,1038,0.214
1984,1983,0.214
1036,1983,0.894
1984,1595,0.19
1543,1595,0.27399999999999997
1984,1040,0.152
95,1041,0.32
95,1731,0.21100000000000002
147,1731,0.149
95,1042,0.201
95,1044,0.139
95,1045,0.111
95,2172,0.077
772,2172,0.20800000000000002
96,1047,0.154
1638,1639,0.373
1636,1639,0.146
1638,1665,0.237
1663,1665,0.158
1569,1665,0.16899999999999998
1638,1053,0.204
1638,1054,0.187
397,1058,0.843
397,1063,0.222
97,1067,1.0
97,1068,0.096
742,1070,0.258
742,1264,0.204
1262,1264,0.18899999999999997
98,1131,0.66
103,1131,0.141
98,2107,0.223
1866,2107,0.152
98,1076,0.106
98,1963,0.08800000000000001
160,1963,0.09
98,1078,0.085
99,1079,0.048
99,1901,0.036000000000000004
1898,1901,0.12
99,1081,0.032
99,1082,0.03
1501,1487,0.306
1829,1487,0.293
771,1487,0.5670000000000001
1501,1086,0.23399999999999999
1091,1087,0.125
1091,1088,0.11800000000000001
1091,1089,0.107
1091,1091,0.055999999999999994
1091,1430,0.053
131,1430,0.131
1091,1092,0.053
1091,1094,0.047
1436,1095,0.157
1436,1097,0.14
102,1100,0.139
102,1104,0.027999999999999997
1106,1105,0.612
1106,1106,0.48200000000000004
1106,1107,0.466
1106,1108,0.397
1106,1109,0.312
1106,1110,0.29100000000000004
1106,1111,0.29
1106,1112,0.271
1847,1114,0.20800000000000002
1847,1116,0.177
1847,1117,0.128
1847,1118,0.127
1847,1119,0.096
1622,1798,0.33299999999999996
1619,1798,0.643
1623,1798,0.282
582,1121,0.28300000000000003
582,1123,0.2
582,1125,0.16899999999999998
582,1126,0.154
103,1231,0.436
1130,1231,0.24100000000000002
103,1128,0.33799999999999997
103,1130,0.158
1522,1135,0.187
1522,1136,0.18100000000000002
1522,1137,0.18100000000000002
1522,1138,0.17600000000000002
1522,1139,0.165
104,1177,0.332
1680,1177,0.21100000000000002
105,1144,0.254
105,1145,0.254
105,1146,0.147
105,1147,0.124
105,1148,0.12
105,1149,0.10400000000000001
105,1439,0.066
2030,1439,0.19399999999999998
1815,1439,0.198
105,1357,0.059000000000000004
124,1357,0.184
428,1152,0.507
1314,1162,0.182
1314,1164,0.145
1314,1166,0.13699999999999998
107,1167,0.231
107,1168,0.147
107,1173,0.115
107,1175,0.107
1680,2091,0.424
1178,2091,0.46299999999999997
167,2091,0.33399999999999996
1680,2094,0.304
1178,2094,0.516
167,2094,0.22399999999999998
1680,1176,0.222
1680,2097,0.215
1178,2097,0.183
1623,2097,0.135
167,2097,0.158
1680,2098,0.215
1178,2098,0.183
167,2098,0.158
1680,1180,0.17
651,1181,0.252
651,1182,0.19899999999999998
651,1183,0.187
651,1766,0.162
1891,1766,0.226
651,1186,0.162
651,1918,0.162
1913,1918,0.5
1719,1918,0.136
651,1187,0.153
651,1188,0.145
1235,1645,1.126
142,1645,0.039
1235,1190,0.415
1235,1192,0.396
1235,2196,0.391
2193,2196,0.134
1235,1193,0.35100000000000003
1998,1999,0.657
1992,1999,0.38299999999999995
1998,1194,0.322
1998,2000,0.203
1992,2000,0.353
1998,1195,0.19899999999999998
1998,1993,0.184
1992,1993,0.561
1998,1997,0.183
1992,1997,0.494
1998,1196,0.179
1690,1197,0.278
1690,1198,0.17
1690,1199,0.16
1690,1200,0.154
1690,1202,0.145
108,1205,0.195
109,1477,0.14400000000000002
136,1477,0.185
1409,1210,0.414
1409,1890,0.304
1894,1890,0.187
1409,1211,0.298
1409,1293,0.282
1405,1293,0.772
1409,1406,0.273
1293,1406,0.63
1409,1709,0.273
1405,1709,0.748
1293,1709,0.63
232,1709,0.272
1409,1213,0.204
1409,1214,0.203
2038,1272,0.27699999999999997
2037,1272,0.27699999999999997
2038,1273,0.243
2037,1273,0.243
2038,1274,0.22399999999999998
2037,1274,0.22399999999999998
2038,1275,0.218
2037,1275,0.218
2038,1276,0.158
2037,1276,0.158
804,1220,0.426
804,1558,0.302
1130,1558,0.209
140,1558,0.258
804,1223,0.191
804,1224,0.182
1130,1228,0.295
1130,1230,0.251
1130,1232,0.209
1657,1658,0.772
1660,1658,0.14400000000000002
1564,1658,0.21100000000000002
1657,1655,0.207
1655,1655,0.867
1564,1655,0.47100000000000003
1657,1660,0.2
1564,1660,0.13699999999999998
1657,1332,0.033
110,1332,0.062
121,1332,0.065
1657,1554,0.022000000000000002
829,1554,0.22699999999999998
1660,1657,0.2
1564,1657,0.293
1660,1236,0.08800000000000001
1660,1238,0.071
1660,1239,0.068
110,1240,0.47100000000000003
1249,1243,0.392
1249,1244,0.392
1249,1245,0.32
1249,1246,0.27699999999999997
1249,1247,0.27699999999999997
1249,2061,0.27699999999999997
164,2061,0.171
1249,1249,0.154
1249,1250,0.14300000000000002
1249,1251,0.135
2008,1588,0.27699999999999997
1255,1588,0.151
2008,1254,0.154
2008,1256,0.122
2008,1257,0.11800000000000001
2008,1259,0.10400000000000001
1262,1260,0.535
1262,1261,0.436
1262,1262,0.28600000000000003
1262,1907,0.172
158,1907,0.114
920,1265,0.293
920,1266,0.254
920,1267,0.254
920,1268,0.207
920,1269,0.18899999999999997
920,1486,0.187
137,1486,0.139
920,1786,0.175
1405,1786,0.157
1293,1786,0.146
1815,1786,0.16
180,1786,0.091
152,1786,0.049
920,1428,0.133
2030,1428,0.20800000000000002
113,1277,1.155
464,1281,0.159
1071,1284,0.245
1071,1288,0.161
1071,1289,0.158
1071,1291,0.149
1071,1292,0.146
1405,1407,0.71
1293,1407,0.598
1405,1581,0.073
2082,1581,0.46399999999999997
114,1296,0.365
114,1298,0.166
114,1300,0.126
2112,1301,0.183
2045,1303,0.5
2045,2048,0.11
117,2048,0.078
2048,2048,0.096
116,1307,0.05
117,2043,0.408
2048,2043,0.127
117,1308,0.22399999999999998
117,1309,0.113
117,1311,0.063
117,1312,0.061
118,1315,0.046
118,2133,0.025
1417,2133,0.11900000000000001
138,2133,0.018000000000000002
2137,2133,0.175
118,1418,0.022000000000000002
1417,1418,0.14300000000000002
119,1317,0.28600000000000003
119,1938,0.257
1821,1938,0.152
119,1318,0.239
119,1321,0.17800000000000002
120,1322,0.20800000000000002
120,1324,0.18100000000000002
120,1325,0.122
120,1440,0.06
1815,1440,0.17
121,1328,0.3
122,1333,0.084
1335,1334,0.27699999999999997
1335,1335,0.231
1335,1336,0.196
1335,1337,0.11800000000000001
1335,1339,0.064
1335,1643,0.051
142,1643,0.065
436,1345,0.37799999999999995
436,1346,0.214
436,1347,0.207
436,1348,0.18899999999999997
124,1351,0.252
124,1352,0.22399999999999998
124,1353,0.22399999999999998
125,1358,0.5770000000000001
125,1359,0.47100000000000003
125,1360,0.382
125,1361,0.33299999999999996
125,1362,0.33299999999999996
125,1363,0.146
125,1365,0.1
125,1544,0.077
1593,1544,0.16399999999999998
126,1366,0.247
126,1882,0.115
157,1882,0.135
128,1717,0.5479999999999999
1913,1717,0.5770000000000001
128,1373,0.231
128,1374,0.192
128,1849,0.158
446,1849,0.21600000000000003
1115,1849,0.156
129,1680,0.14300000000000002
1178,1680,0.196
129,1842,0.057
1450,1842,0.076
1387,1382,0.187
1387,1383,0.132
1387,1384,0.132
1387,1385,0.12
1387,1714,0.111
232,1714,0.099
1387,1386,0.10800000000000001
571,1390,0.5660000000000001
571,1391,0.314
571,1393,0.192
292,1404,0.138
1293,1405,0.772
1293,1409,0.282
130,2090,0.228
167,2090,0.354
130,1806,0.201
800,1806,0.377
130,1411,0.19699999999999998
130,2093,0.18600000000000003
167,2093,0.289
130,1412,0.18
130,1413,0.161
130,1414,0.153
130,1415,0.13699999999999998
1417,1417,0.324
1417,2134,0.218
2137,2134,0.13699999999999998
1417,1419,0.127
1417,1420,0.127
1417,2080,0.11699999999999999
166,2080,0.063
1417,1421,0.107
2030,1422,0.408
2030,1425,0.23600000000000002
2030,1426,0.22399999999999998
2030,1427,0.213
131,1431,0.062
1815,1437,0.23800000000000002
133,1443,0.33299999999999996
133,1446,0.19399999999999998
133,1447,0.16699999999999998
133,1448,0.154
133,1449,0.126
1835,1769,0.24100000000000002
1913,1769,0.302
1891,1769,0.13699999999999998
1835,2127,0.213
2120,2127,0.214
1835,1450,0.2
1835,1451,0.188
1835,1500,0.152
879,1500,0.254
134,1453,0.095
446,1456,0.16699999999999998
135,1459,0.14
135,1460,0.121
135,1461,0.114
135,1462,0.10099999999999999
135,1463,0.08800000000000001
135,1464,0.081
135,1465,0.061
135,1466,0.057999999999999996
136,1469,0.64
136,1470,0.522
136,1475,0.213
136,1476,0.213
136,1478,0.141
1627,1479,0.7070000000000001
1627,1480,0.47100000000000003
1627,1481,0.431
1627,1482,0.24600000000000002
771,1848,0.344
1115,1848,0.162
771,1494,0.289
879,1498,0.47100000000000003
686,1504,0.5
686,1505,0.5
686,1506,0.5
686,1507,0.5
686,1510,0.204
1026,1513,0.45
1026,1514,0.29600000000000004
929,1526,0.309
929,1527,0.309
929,1528,0.23600000000000002
929,1530,0.195
929,1532,0.168
1541,1534,0.8490000000000001
1541,1535,0.522
1541,1537,0.21100000000000002
1541,1538,0.192
1541,1539,0.17800000000000002
1541,1541,0.111
1593,1542,0.447
1593,1543,0.365
1593,1545,0.16399999999999998
829,1547,0.479
829,1549,0.318
829,1553,0.257
829,1555,0.159
140,1556,0.387
140,1557,0.298
140,1559,0.258
140,1561,0.183
140,1562,0.129
1655,1563,0.632
1655,1565,0.365
1655,1566,0.258
1655,1568,0.21100000000000002
1655,2024,0.21100000000000002
741,2024,0.192
1663,1661,0.289
1569,1661,0.309
1663,1569,0.2
1663,1662,0.18899999999999997
1569,1662,0.20199999999999999
1663,1664,0.16699999999999998
1569,1664,0.17800000000000002
1663,2188,0.16699999999999998
915,2188,0.131
1663,1571,0.134
730,1573,0.345
730,1576,0.20199999999999999
730,1577,0.20199999999999999
730,1579,0.20199999999999999
1255,1586,0.5660000000000001
1255,2008,0.153
1258,2008,0.10800000000000001
1255,1592,0.095
1543,1593,0.365
1543,1594,0.344
1543,1599,0.115
1543,1832,0.09300000000000001
155,1832,0.064
1543,1984,0.083
1913,1984,0.152
1036,1984,0.24
1601,1601,0.667
1601,1602,0.295
1601,1603,0.16699999999999998
1601,1605,0.075
1601,1606,0.052000000000000005
193,1608,0.311
193,1609,0.259
193,1610,0.24100000000000002
193,1611,0.24
193,1612,0.21100000000000002
193,1613,0.204
193,1615,0.18
141,1651,0.171
143,1651,0.10800000000000001
141,1617,0.092
1798,1621,0.349
1798,1623,0.282
1877,1624,0.305
1877,1627,0.21600000000000003
1877,1629,0.193
1877,1630,0.193
1636,1637,0.161
142,1641,0.22899999999999998
142,1642,0.16399999999999998
143,1648,0.462
1564,1656,0.365
1569,1663,0.2
1569,1666,0.14800000000000002
1569,1670,0.071
145,1671,0.294
145,1672,0.248
145,1673,0.22399999999999998
145,1674,0.18600000000000003
145,2058,0.12
2057,2058,0.132
1178,1679,0.198
1011,1684,0.309
1011,1688,0.111
894,1691,0.5529999999999999
894,1693,0.324
894,1694,0.255
894,1695,0.196
894,1960,0.12300000000000001
160,1960,0.16899999999999998
1839,1699,0.295
1839,1700,0.289
1839,1701,0.289
1839,1702,0.27399999999999997
1839,1703,0.242
1839,1704,0.20800000000000002
1839,1705,0.204
1839,1706,0.16
1839,1707,0.139
232,1782,0.215
152,1782,0.20199999999999999
232,1710,0.20600000000000002
232,1715,0.095
1913,1716,0.632
1913,1718,0.392
1913,1721,0.135
147,1723,0.5770000000000001
147,1724,0.5770000000000001
147,1725,0.5770000000000001
147,1726,0.408
147,1727,0.365
147,1728,0.33299999999999996
147,1730,0.16
2051,1732,0.205
2051,1733,0.205
2051,1736,0.16699999999999998
148,1740,0.039
148,1909,0.027000000000000003
158,1909,0.047
180,1748,0.153
355,1755,0.354
355,1756,0.354
355,1759,0.204
355,1760,0.204
355,1761,0.16699999999999998
355,1763,0.151
1891,1768,0.226
151,1771,0.5
151,1772,0.316
151,1773,0.25
151,1775,0.084
151,1777,0.07
152,1780,0.27
152,2157,0.051
2151,2157,0.048
1787,1788,0.23600000000000002
1787,1789,0.18899999999999997
1787,1790,0.182
1787,1791,0.146
1787,1792,0.13699999999999998
1787,1793,0.13699999999999998
1787,1794,0.13699999999999998
1787,1795,0.11800000000000001
1787,1796,0.114
800,1803,0.47700000000000004
800,1805,0.435
154,1812,0.33799999999999997
154,1972,0.021
162,1972,0.032
1937,1821,0.155
155,1825,0.309
155,1828,0.115
155,1830,0.078
1450,1836,0.18899999999999997
1450,1838,0.134
1450,1839,0.102
1115,1846,0.18899999999999997
1115,1847,0.187
1115,1850,0.127
1115,1851,0.125
1115,2063,0.122
164,2063,0.157
1857,1855,0.272
1857,1860,0.153
157,1878,0.5770000000000001
157,1879,0.289
157,1880,0.267
157,1884,0.113
1894,1887,0.363
1894,1889,0.187
1894,1893,0.105
1898,2065,0.28300000000000003
164,2065,0.153
1898,1898,0.2
1898,1899,0.163
1898,1900,0.153
1898,1903,0.085
1898,1905,0.068
158,2064,0.22899999999999998
164,2064,0.157
158,1906,0.18600000000000003
1719,1911,0.33299999999999996
1719,1913,0.272
1719,1964,0.272
162,1964,0.816
1719,1914,0.265
1719,1916,0.172
665,1922,0.258
665,1923,0.10400000000000001
629,1924,0.257
629,1928,0.2
629,1929,0.195
629,1930,0.18600000000000003
629,1933,0.182
1821,1941,0.141
1821,2177,0.14
772,2177,0.14400000000000002
159,1942,0.866
159,1943,0.18
159,1944,0.126
159,1945,0.042
160,1955,0.359
160,1956,0.3
160,1959,0.17600000000000002
162,1966,0.23399999999999999
764,1974,0.22699999999999998
764,1975,0.212
1036,1985,0.23399999999999999
1036,1987,0.16899999999999998
1036,1991,0.065
1992,1995,0.528
1992,1996,0.5
1992,2001,0.266
1258,2002,0.601
1258,2004,0.187
613,2011,0.775
613,2012,0.7070000000000001
613,2015,0.369
613,2018,0.27
741,2020,0.289
741,2022,0.23600000000000002
741,2023,0.23600000000000002
1423,2030,0.34700000000000003
2048,2041,0.166
2048,2042,0.155
2048,2046,0.10400000000000001
2048,2047,0.098
2048,2049,0.091
2057,2055,0.145
2057,2070,0.145
164,2070,0.121
164,2066,0.14
164,2067,0.13
164,2068,0.12300000000000001
164,2069,0.121
165,2071,0.069
166,2073,0.5770000000000001
166,2074,0.516
166,2075,0.47100000000000003
166,2076,0.436
166,2077,0.436
166,2078,0.405
1581,2084,0.284
1581,2085,0.261
1581,2087,0.182
1581,2088,0.159
167,2092,0.32
167,2095,0.204
1866,2101,0.23199999999999998
1866,2108,0.146
1866,2109,0.14
1301,2110,0.239
1301,2111,0.207
1301,2112,0.183
1301,2113,0.17300000000000001
1301,2114,0.156
1301,2115,0.149
1301,2116,0.141
1301,2117,0.141
1301,2118,0.141
1301,2119,0.133
2120,2121,0.294
2120,2123,0.261
2120,2124,0.261
2120,2125,0.261
2120,2126,0.24
2120,2129,0.203
2137,2130,0.23
2137,2131,0.187
2137,2136,0.121
2137,2137,0.11800000000000001
2137,2138,0.11699999999999999
2137,2139,0.114
169,2142,0.316
169,2145,0.2
169,2146,0.2
169,2150,0.134
2151,2151,0.078
2151,2152,0.075
2151,2153,0.06
2151,2155,0.049
2151,2156,0.049
1398,2160,0.23600000000000002
1398,2161,0.19399999999999998
1398,2163,0.129
1398,2166,0.107
772,2170,0.293
772,2171,0.21899999999999997
772,2173,0.20600000000000002
772,2174,0.17600000000000002
772,2191,0.16
2193,2191,0.168
772,2176,0.146
772,2178,0.141
915,2179,0.27699999999999997
915,2180,0.27699999999999997
915,2181,0.226
915,2182,0.226
915,2184,0.175
915,2185,0.155
915,2186,0.14800000000000002
915,2187,0.135
1234,2201,0.138
1234,2202,0.114
1234,2204,0.106
1234,2205,0.086
